details,date,city,state,country,shape,summary,report_date,posted_date,image
https://nuforc.org/sighting/?id=174232,01/31/2023 19:49,Gothenburg,NE,USA,Fireball,"Saw trailblazer that moves very rapid and moved with sparkling tail behind and then when it disappears, sparkling tail disappears",01/31/2023,03/06/2023,
https://nuforc.org/sighting/?id=174230,01/31/2023 19:15,Sulphur Springs,IN,USA,Circle,Fast spherical orange light,01/31/2023,03/06/2023,Y
https://nuforc.org/sighting/?id=175149,01/31/2023 18:38,El Granada,CA,USA,Light,"Image of these UFO's were capture with Nikon D850, never personally view objects, only discovered after viewing image the next day.",03/28/2023,04/09/2023,Y
https://nuforc.org/sighting/?id=174425,01/31/2023 14:30,Layton,UT,USA,Circle,Working outside with two dozen others looked up and saw this object over the moon,02/11/2023,03/06/2023,
https://nuforc.org/sighting/?id=174226,01/31/2023 08:20,Larnaca,Larnaca District,Cyprus,Other,Something like drone,02/01/2023,03/06/2023,Y
https://nuforc.org/sighting/?id=174255,01/30/2023 21:15,Richmond,VA,USA,Circle,Unexplained movement of one object and 40 or so more objects.,02/02/2023,03/06/2023,Y
https://nuforc.org/sighting/?id=174218,01/30/2023 20:55,Orlando,FL,USA,Triangle,I rushed outside to check if it was a drone or an airplane but it was gone.,01/30/2023,03/06/2023,
https://nuforc.org/sighting/?id=174275,01/30/2023 17:13,Collinsville,CT,USA,Light,Driving along River Road saw glowing orange object two tails hovering,02/03/2023,03/06/2023,
https://nuforc.org/sighting/?id=174214,01/30/2023 16:47,Roseville,MN,USA,Triangle,Bright shimmering triangle-shaped craft in the northwestern sky.,01/30/2023,03/06/2023,
https://nuforc.org/sighting/?id=174616,01/30/2023 13:50,Princeton,MN,USA,Unknown,Translucent distortion,02/16/2023,03/06/2023,
https://nuforc.org/sighting/?id=174237,01/29/2023 23:59,Myrtle Beach,SC,USA,Orb,Woke up to see a bright orange yellow light through the trees of my backyard.,02/01/2023,03/06/2023,
https://nuforc.org/sighting/?id=174199,01/29/2023 22:24,Northport,NY,USA,Chevron,"2 UFO at low level, tree tops",01/29/2023,03/06/2023,
https://nuforc.org/sighting/?id=175243,01/29/2023 21:30,Vernonia,OR,USA,Light,Light flew over and hit the uturn after 45 secs.,04/08/2023,04/09/2023,Y
https://nuforc.org/sighting/?id=174192,01/29/2023 21:16,Lowell,MA,USA,Light,Red almost diamond shape lights floating across sky at a slow pace,01/29/2023,03/06/2023,
https://nuforc.org/sighting/?id=174196,01/29/2023 21:05,Clearwater Beach,FL,USA,Circle,Strange lights appeared over the water.,01/29/2023,03/06/2023,Y
https://nuforc.org/sighting/?id=174191,01/29/2023 20:30,"West Bromwich, West Midlands",Warwickshire,United Kingdom,Triangle,"Large triangular very low hovering aircrafts just above and slightly to right of my car, with multiple coloured lights underneath",01/29/2023,03/06/2023,
https://nuforc.org/sighting/?id=174205,01/29/2023 20:30,Mount Vernon,WA,USA,Changing,Color changing light that shifted shape,01/29/2023,03/06/2023,
https://nuforc.org/sighting/?id=174189,01/29/2023 20:24,National Park,NJ,USA,Light,"The object was moving fast but not too fast, too fast to be and airplane and not to slow to be mistaken as a drone",01/29/2023,03/06/2023,
https://nuforc.org/sighting/?id=174207,01/29/2023 19:23,Monterey,CA,USA,Triangle,3 dimmed lights making triangle formation. Slight black/grey outline of triangle shape.,01/30/2023,03/06/2023,
https://nuforc.org/sighting/?id=174217,01/29/2023 19:08,North Bend,OR,USA,Changing,The object hovered in place changing from a teardrop shape to triangle to flying saucer shape. It tilted at an angle of 45 degrees,01/30/2023,03/06/2023,Y
https://nuforc.org/sighting/?id=174231,01/29/2023 19:00,Newark,NJ,USA,Orb,Glowing orb approached aircraft spotted from Porter Airlines flight from Toronto-Newark,02/01/2023,03/06/2023,
https://nuforc.org/sighting/?id=174327,01/29/2023 18:45,Lexington,KY,USA,Other,Big blue light stationery a few hundred yards wide very low just above the fog barrier.,02/06/2023,03/06/2023,Y
https://nuforc.org/sighting/?id=174200,01/29/2023 17:02,Chatsworth,CA,USA,Circle,Seven to ten crescent/circle shaped objects in the evening sky over theChatsworth mountain,01/29/2023,03/06/2023,
https://nuforc.org/sighting/?id=174195,01/29/2023 17:00,SanJuan Island,WA,USA,Circle,Viewed odd objects launching off ocean or base Mt Rainier,01/29/2023,03/06/2023,Y
https://nuforc.org/sighting/?id=174210,01/29/2023 15:16,Paso Robles,CA,USA,Unknown,I was taking a picture of the moon And noticed something else,01/30/2023,03/06/2023,Y
https://nuforc.org/sighting/?id=174222,01/29/2023 15:00,Albany,NY,USA,Oval,I have had many sightings throughout my life,01/31/2023,03/06/2023,
https://nuforc.org/sighting/?id=174194,01/29/2023 10:20,Sparwood,BC,Canada,Light,A green luminescent light flew across the valley over the town towards the coal mine....very straight line at a high speed,01/29/2023,03/06/2023,
https://nuforc.org/sighting/?id=174186,01/29/2023 01:48,Lynnwood,WA,USA,Triangle,Picture of a triangle shaped object,01/29/2023,03/06/2023,Y
https://nuforc.org/sighting/?id=174177,01/28/2023 23:00,Harrisburg,NC,USA,Circle,Seem to jump around several times,01/29/2023,03/06/2023,
https://nuforc.org/sighting/?id=174180,01/28/2023 20:39,"Littlestown,",PA,USA,Cigar,Weird object hanging in sky with lights all around,01/29/2023,03/06/2023,
https://nuforc.org/sighting/?id=174242,01/28/2023 20:30,Mount vernon,OH,USA,Light,"Low-flying object, 3 lights in a straight line, moving slowly, no noise.",02/01/2023,03/06/2023,
https://nuforc.org/sighting/?id=174233,01/28/2023 20:01,Glen Burnie,MD,USA,Circle,2 pale orange circles moving next to eachother but not in sync,01/31/2023,03/06/2023,
https://nuforc.org/sighting/?id=174204,01/28/2023 18:47,Ventura,CA,USA,Fireball,"Orange ""orb"", seen at 90 degrees above horizon; appeared stationary at least 10-15 seconds, then moved and faded out.",01/29/2023,03/06/2023,Y
https://nuforc.org/sighting/?id=174171,01/28/2023 18:30,Phoenix,AZ,USA,Circle,Very Bright red and white circular object in southwest sky,01/28/2023,03/06/2023,
https://nuforc.org/sighting/?id=174175,01/28/2023 18:30,Groton,NH,USA,Circle,"A bright light above our home, and then we see two what we think are shooting stars leave from it",01/29/2023,03/06/2023,
https://nuforc.org/sighting/?id=174166,01/28/2023 18:00,Dundalk,MD,USA,Changing,I believe it was something from another planet,01/28/2023,03/06/2023,Y
https://nuforc.org/sighting/?id=174223,01/28/2023 16:00,Fries,VA,USA,Egg,Weird egg in the sky,01/31/2023,03/06/2023,
https://nuforc.org/sighting/?id=174169,01/28/2023 10:32,Warrington,Cheshire East,United Kingdom,Unknown,Bright shimmering red light hovering looks like it was coming towards us.,01/28/2023,03/06/2023,
https://nuforc.org/sighting/?id=174345,01/28/2023 07:06,Rye,NH,USA,Sphere,Reviewing pictures taken at sunrise revealed what looks like a balloon in the sky. A blowup of the pictures clearly shows a sphere.,02/07/2023,03/06/2023,Y
https://nuforc.org/sighting/?id=174159,01/27/2023 23:15,Worcester,MA,USA,Fireball,"Western sky, large, ~1/6 moon diameter sustained flash, white and green low in the sky, moved downwards below the horizon very quickly.",01/27/2023,03/06/2023,Y
https://nuforc.org/sighting/?id=174216,01/27/2023 23:00,Kirkland,WA,USA,Circle,"Huge flying circle object, w/ beautiful colorful trickling lights flying impossibly fast, then took a 90 degree turn into the clouds.",01/30/2023,03/06/2023,
https://nuforc.org/sighting/?id=174243,01/27/2023 22:16,"Aiken,",SC,USA,Triangle,Gazing up at the full moon. Clear night. 5 or 6 large long triangles with red lights at the ends. I thought they were satellites.,02/01/2023,03/06/2023,Y
https://nuforc.org/sighting/?id=174179,01/27/2023 22:00,Mishawaka,IN,USA,Sphere,Saw at least 50 spheres flying in aircraft formation overhead. I was awe struck by how many balls of light flying from east to west.,01/29/2023,03/06/2023,
https://nuforc.org/sighting/?id=174164,01/27/2023 21:29,Clarkesville,GA,USA,Unknown,Large aircraft displaying three blinking lights approx 500 feet above ground noiseless stopped briefly while moving slowly (10-15 mph),01/28/2023,03/06/2023,
https://nuforc.org/sighting/?id=174163,01/27/2023 20:10,Fort Collins,CO,USA,Unknown,"A very bright light was idle in the sky, 2 seconds later it shot downwards at lightning speed.",01/28/2023,03/06/2023,
https://nuforc.org/sighting/?id=174156,01/27/2023 19:57,Chesnee,SC,USA,Light,I shined flashlight at it then it starts moving torward us. Pretty scary,01/27/2023,03/06/2023,
https://nuforc.org/sighting/?id=174161,01/27/2023 13:08,Savannah,GA,USA,Cylinder,Unique cloud and ufo,01/28/2023,03/06/2023,Y
https://nuforc.org/sighting/?id=175072,01/27/2023 07:38,"Albuquerque, west of.",NM,USA,Circle,This was not an aircraft.,03/20/2023,04/09/2023,Y
https://nuforc.org/sighting/?id=174578,01/27/2023 03:47,Pine City,MN,USA,Circle,"It was about 3:47 am coming home driving down our road I noticed these 2 circular crafts, red in color, blinking at times moving fast",02/15/2023,03/06/2023,
https://nuforc.org/sighting/?id=174364,01/26/2023 22:30,Holly Springs,NC,USA,Light,"Three orange-red rings glowing, almost colliding with aircraft",02/09/2023,03/06/2023,
https://nuforc.org/sighting/?id=174193,01/26/2023 20:24,French Settlement,LA,USA,Cigar,A tic tak shaped craft. That was seen for about 5 seconds.,01/29/2023,03/06/2023,
https://nuforc.org/sighting/?id=174149,01/26/2023 20:11,Lantana,FL,USA,Circle,"Saw two orange balls of light moving fast the sky, one disappeared, and the other one continued to travel at high speed",01/27/2023,03/06/2023,
https://nuforc.org/sighting/?id=174136,01/26/2023 14:18,Bridgehampton,NY,USA,Light,Saw a triangle of bright white lights heading NW of montauk highway.,01/26/2023,03/06/2023,
https://nuforc.org/sighting/?id=174298,01/26/2023 08:36,Nixon,TX,USA,Light,Suspected Plasma Ball Event,02/04/2023,03/06/2023,Y
https://nuforc.org/sighting/?id=174146,01/26/2023 07:08,Naugatuck,CT,USA,Circle,"Driving up through route 8, saw two aircraft just sort of hovering in the air.",01/26/2023,03/06/2023,Y
https://nuforc.org/sighting/?id=174131,01/26/2023 00:40,Montclair,CA,USA,Disk,Had a ring of red light and white flew down then up very fast and disappeared.,01/26/2023,03/06/2023,
https://nuforc.org/sighting/?id=174197,01/25/2023 22:13,Sloan,NY,USA,Star,In the skies at night we were star gazing when we noticed that the stars were moving and changing color. They were lower to the ground,01/29/2023,03/06/2023,
https://nuforc.org/sighting/?id=174127,01/25/2023 21:30,Myrtle Beach,TN,USA,Triangle,Lights in the sky over Myrtle Beach,01/25/2023,03/06/2023,Y
https://nuforc.org/sighting/?id=174133,01/25/2023 17:55,El cerrito,CA,USA,Cigar,"Craft moved from the golden gate towards the south bay, pen shaped semi translucent grey in color, single blinking white light at tip",01/26/2023,03/06/2023,
https://nuforc.org/sighting/?id=174135,01/25/2023 17:34,Waco,TX,USA,Circle,I was driving to temple children's hospital to pick up my girlfriend and I couldn’t help but notice the light in the sky,01/26/2023,03/06/2023,Y
https://nuforc.org/sighting/?id=174119,01/25/2023 16:30,New Durham,NH,USA,Other,Jet pack UFO?,01/25/2023,03/06/2023,
https://nuforc.org/sighting/?id=174144,01/25/2023 13:20,Mojave,CA,USA,Sphere,"During a flight the man next to me and I both witnessed three spheres (one large, two small) moving in multiple directions over CA.",01/26/2023,03/06/2023,Y
https://nuforc.org/sighting/?id=177251,01/25/2023 10:15,Spring Valley,CA,USA,Circle,"I witnessed 2 circle shaped uaps, that looked like blinking stars, hovered, they went up, down, around, sideways, and made no sound.",07/30/2023,09/10/2023,Y
https://nuforc.org/sighting/?id=174847,01/25/2023 03:00,tampa,FL,USA,Disk,A bright green and white down the center disk appeated out of nowhere going as fast as a shooting star,03/02/2023,03/06/2023,
https://nuforc.org/sighting/?id=174104,01/24/2023 21:00,Destin,FL,USA,Light,It's a star but not!,01/25/2023,03/06/2023,
https://nuforc.org/sighting/?id=174101,01/24/2023 20:36,Pleasant valley,NY,USA,Diamond,Silver reflecting cylinder or diamond shape object floating,01/25/2023,03/06/2023,Y
https://nuforc.org/sighting/?id=174111,01/24/2023 18:49,Klamath Falls,OR,USA,Light,Saw a bright light that move very slowly.,01/24/2023,03/06/2023,
https://nuforc.org/sighting/?id=174108,01/24/2023 18:40,Clearlake,CA,USA,Disk,The object would move in circles then drop very fast the move again very fast back upwards the to the right,01/24/2023,03/06/2023,Y
https://nuforc.org/sighting/?id=174123,01/24/2023 18:39,Ballard,WV,USA,Circle,Took a brief video of ball of colorful lights spinning and moving fast around the sky above a mountain in the eastern sky. It was glowi,01/25/2023,03/06/2023,
https://nuforc.org/sighting/?id=174098,01/24/2023 18:30,Hartlepool,Hartlepool,United Kingdom,Circle,3 bright crafts all circling each other then seperated into a triangle before going seperate ways,01/24/2023,03/06/2023,
https://nuforc.org/sighting/?id=174110,01/24/2023 17:55,Bridgewater,MA,USA,Circle,Saw round bright object either light trail or casting cone shaped spotlight,01/24/2023,03/06/2023,Y
https://nuforc.org/sighting/?id=174103,01/24/2023 15:15,Elizabeth City,NC,USA,Formation,My family and I were outside playing when my wife noticed the objects flying in formation she tried to record but couldn't so I did,01/25/2023,03/06/2023,
https://nuforc.org/sighting/?id=174105,01/24/2023 14:00,Sussex Inlet,New South Wales,Australia,Other,"two ufo , one caught on camera ""three pictures"" seconds later other on video",01/25/2023,03/06/2023,Y
https://nuforc.org/sighting/?id=174116,01/24/2023 13:55,Lake forest,CA,USA,Light,Pulled onto the street my works at and saw a light way far up in the sky,01/24/2023,03/06/2023,
https://nuforc.org/sighting/?id=174143,01/24/2023 09:50,Lehighton,PA,USA,Unknown,High speed small object being followed by a jet at high altitude object changed direction suddenly jet followed,01/26/2023,03/06/2023,Y
https://nuforc.org/sighting/?id=174140,01/23/2023 23:55,Winters,CA,USA,Other,Opaque oval body with no sound.,01/26/2023,03/06/2023,
https://nuforc.org/sighting/?id=175859,01/23/2023 23:55,Los Altos,CA,USA,,MADAR site 52 had spike on magnetometer but no compass MSV,05/21/2023,07/10/2023,
https://nuforc.org/sighting/?id=174115,01/23/2023 22:45,North Fort Myers,FL,USA,Light,How all of a sudden it turned around going the opposite direction,01/24/2023,03/06/2023,
https://nuforc.org/sighting/?id=174096,01/23/2023 21:17,New York,NY,USA,Light,Random bright blue light,01/24/2023,03/06/2023,
https://nuforc.org/sighting/?id=174312,01/23/2023 21:02,Hilmar,CA,USA,Oval,"Object was bright. Looked as though lights lined either side of craft. Went from due north to due west rapidly, hovered then vanished.",02/05/2023,03/06/2023,Y
https://nuforc.org/sighting/?id=174094,01/23/2023 20:30,Archdale,NC,USA,Triangle,"Green and reddish pink lights, triangular",01/23/2023,03/06/2023,
https://nuforc.org/sighting/?id=174387,01/23/2023 20:13,Kailua,HI,USA,Egg,Unexpected red ( reflecting voggy atmosphere) object in photo,02/10/2023,03/06/2023,Y
https://nuforc.org/sighting/?id=174088,01/23/2023 20:04,Statham,GA,USA,Star,Two stars appeared to be moving away from earth/then disappeared,01/23/2023,03/06/2023,
https://nuforc.org/sighting/?id=174086,01/23/2023 19:20,Okeechobee,FL,USA,Star,See 1 to 3 every evening between 7-9 PM moving very fast and too high to be planes flying erratically,01/23/2023,03/06/2023,
https://nuforc.org/sighting/?id=174095,01/23/2023 18:00,Houma,LA,USA,Other,Video is in slo motion capture due to wanting to capture my dog running towards me. You’ll see an object in the background flying fast!,01/23/2023,03/06/2023,
https://nuforc.org/sighting/?id=174306,01/23/2023 18:00,Burkesville,KY,USA,Other,Saw two small satellites converge and exchange bolts of light.,02/04/2023,03/06/2023,
https://nuforc.org/sighting/?id=174090,01/23/2023 14:15,Benicia,CA,USA,Light,I saw a bright light that looked metallic in mid-day float straight then disappear.,01/24/2023,03/06/2023,
https://nuforc.org/sighting/?id=174106,01/23/2023 13:50,Gustine ( about 5 miles west of Gustine),CA,USA,Triangle,I was watching an airliner traveling south to north putting out a large jet trail when I spotted the craft just show heading west to ea,01/24/2023,03/06/2023,
https://nuforc.org/sighting/?id=174202,01/23/2023 06:30,Rohrsburg,PA,USA,Light,Two non-blinking lights with a distance between them the same as the length of the big dipper.,01/29/2023,03/06/2023,
https://nuforc.org/sighting/?id=174076,01/23/2023 05:30,Benicia,CA,USA,Light,"Star sized flickering object at satellite height, moving erratically at speed of a plane, then stopping dead and remaining still.",01/23/2023,03/06/2023,
https://nuforc.org/sighting/?id=174982,01/23/2023 04:05,KENNESAW,GA,USA,Orb,It is a white globe the white surface has texture it has a gold and dark brown ring around the globe there are blue flam,03/12/2023,04/09/2023,
https://nuforc.org/sighting/?id=174074,01/22/2023 23:17,Fowler California,CA,USA,Diamond,I was driving and noticed a bright light in the sky in a diamond shape .,01/23/2023,03/06/2023,
https://nuforc.org/sighting/?id=174183,01/22/2023 22:00,Palmdale,CA,USA,Unknown,A light that disappears,01/29/2023,03/06/2023,
https://nuforc.org/sighting/?id=174080,01/22/2023 21:25,,FL,USA,Light,"Over 30 min, observed a starlike object, moving rapidly in the vertical, and horizontal, varying intensity, for 5-10 seconds each time.",01/23/2023,03/06/2023,Y
https://nuforc.org/sighting/?id=174069,01/22/2023 18:30,Nowata,OK,USA,Light,"Amber light steady held position, no flashing, no movement but hanging in the sky the entire duration",01/22/2023,03/06/2023,
https://nuforc.org/sighting/?id=174068,01/22/2023 17:40,layton utah,UT,USA,Cylinder,"Bright orange light zoomed right in front of me way up in the sky as I was driving, and then moved away backup into space at lightspeed",01/22/2023,03/06/2023,
https://nuforc.org/sighting/?id=174282,01/22/2023 15:16,Manila,Metro Manila,Philippines,Unknown,Accidentally taken video footage on Plane window,02/03/2023,03/06/2023,Y
https://nuforc.org/sighting/?id=174071,01/22/2023 04:37,Penn valley,CA,USA,Cylinder,Saw something reflecting off sun and disapeared,01/22/2023,03/06/2023,
https://nuforc.org/sighting/?id=174168,01/21/2023 19:55,Vallejo,CA,USA,Changing,"Have video, but strange and not a drone!!",01/28/2023,03/06/2023,Y
https://nuforc.org/sighting/?id=177192,01/21/2023 19:49,Ft. Myers,FL,USA,Orb,"Me and my girlfriend walked outside, I happened to be recording, and we seen 3 golden orbs hovering almost in formation.",07/31/2023,09/10/2023,Y
https://nuforc.org/sighting/?id=174091,01/21/2023 19:29,Athens,OH,USA,Light,"Green, blue, purple, and white flashing light",01/24/2023,03/06/2023,
https://nuforc.org/sighting/?id=174052,01/21/2023 18:12,Eastvale,CA,USA,Changing,We saw the light and took some videos and a few photos. It is not the first time we have seen things from our vantage point,01/21/2023,03/06/2023,
https://nuforc.org/sighting/?id=174070,01/21/2023 00:02,Essex,MD,USA,Other,This is a single frame of a doorbell camera.showing a stange light and contrail and I was awoken by loud noise.,01/22/2023,03/06/2023,Y
https://nuforc.org/sighting/?id=174213,01/20/2023 22:00,Cincinnati,OH,USA,Chevron,"Sharp cutout in heavy cloud layer, stayed static and lines very defined before clouds immediately recondensed.",01/30/2023,03/06/2023,Y
https://nuforc.org/sighting/?id=174050,01/20/2023 22:00,Seattle,WA,USA,Orb,Witness a UAP leave the side of Mt Etna past 4AM and then a massive orb enter Etna from 6:20AM - 6:50AM,01/21/2023,03/06/2023,
https://nuforc.org/sighting/?id=174264,01/20/2023 21:37,Staten Island,NY,USA,Light,2 formations of orange objects seen crossing sky at night,02/02/2023,03/06/2023,Y
https://nuforc.org/sighting/?id=174039,01/20/2023 21:01,Spokane,WA,USA,Changing,Bright Orange Light Birthing New Orange Lights,01/20/2023,03/06/2023,
https://nuforc.org/sighting/?id=175078,01/20/2023 21:00,Pueblo,CO,USA,Other,An odd semi transparent shape that reacted to being noticed.,03/22/2023,04/09/2023,
https://nuforc.org/sighting/?id=174198,01/20/2023 20:00,Flint,MI,USA,Unknown,Two extremely bright lights hovering over a popular record store,01/29/2023,03/06/2023,
https://nuforc.org/sighting/?id=174043,01/20/2023 18:30,Collins,MO,USA,Rectangle,Closest I've ever seen unbelievable,01/21/2023,03/06/2023,Y
https://nuforc.org/sighting/?id=174046,01/20/2023 18:10,,,United Kingdom,Light,4 lights in a trapezoid shape turning to 3,01/21/2023,03/06/2023,
https://nuforc.org/sighting/?id=174060,01/20/2023 18:10,Silverdale,WA,USA,Other,Individuals in Silverdale visually saw object. Individuals in Bremerton made Radar contact with object .,01/22/2023,03/06/2023,
https://nuforc.org/sighting/?id=174032,01/20/2023 17:14,Montevallo,AL,USA,Circle,Bright white light moving very slow,01/20/2023,03/06/2023,
https://nuforc.org/sighting/?id=174061,01/20/2023 16:08,Asuncion,Central Department,Paraguay,Circle,We were at the pool looking at the clouds,01/22/2023,03/06/2023,Y
https://nuforc.org/sighting/?id=174063,01/20/2023 16:05,Asuncion,Central Department,Paraguay,Oval,Three objects were seen appearing from the west side where the sun was and they were placed forming a triangle crossing to the west,01/22/2023,03/06/2023,Y
https://nuforc.org/sighting/?id=173727,01/20/2023 08:00,Oklahoma City,OK,USA,Sphere,"I was working traffic control in Security, when I noticed a black sphere floating by. It was the size of a SUV, maybe two.",01/04/2023,03/06/2023,
https://nuforc.org/sighting/?id=174030,01/20/2023 07:25,,Essex,United Kingdom,Light,Bright light that disappeared,01/20/2023,03/06/2023,
https://nuforc.org/sighting/?id=174029,01/20/2023 05:00,Hayes,VA,USA,Star,I believe the craft sensed that I noticed it since I look at the same spot all the time and it seemed aware of me.,01/20/2023,03/06/2023,
https://nuforc.org/sighting/?id=174010,01/19/2023 23:45,,AZ,USA,Cross,Size of a small commercial plane hovering like a drone very low over a residential neighborhood. Not a helicopter not a plane had red,01/19/2023,03/06/2023,
https://nuforc.org/sighting/?id=174025,01/19/2023 23:33,Lubbock,TX,USA,Other,V shape formation with 5 lights traveling low and fairly slow,01/19/2023,03/06/2023,
https://nuforc.org/sighting/?id=174026,01/19/2023 22:04,Point Reyes,CA,USA,Changing,3 orange hovering lights moving in a straight line then to a triangular patter. Shinning bright orange.,01/19/2023,03/06/2023,
https://nuforc.org/sighting/?id=174024,01/19/2023 20:06,Roodepoort,Gauteng,South Africa,Cigar,I saw it and I called my friends to come see as the cigar made no noise passing above us,01/19/2023,03/06/2023,
https://nuforc.org/sighting/?id=174028,01/19/2023 18:30,Durham,NC,USA,Circle,Witnessed 30 or more orange circular objects heading 268 degrees across skyline in no formation or same altitude but the same direction,01/20/2023,03/06/2023,
https://nuforc.org/sighting/?id=174023,01/19/2023 18:20,Mesa,AZ,USA,Diamond,I looked over and seen a string of lights and then a triangular shape of lights,01/19/2023,03/06/2023,Y
https://nuforc.org/sighting/?id=174270,01/19/2023 17:15,,,International Waters,Orb,Transparent orb with object in it's center sighted over the Pacific South of the Aleutian Islands.,02/03/2023,03/06/2023,
https://nuforc.org/sighting/?id=177488,01/19/2023 08:45,Tucson,AZ,USA,Sphere,Object seen near my school 5-6 times over a three month period.,08/10/2023,09/10/2023,Y
https://nuforc.org/sighting/?id=174053,01/19/2023 08:01,Fort Pierce,FL,USA,Oval,Saw something bright way higher than a normal plane,01/21/2023,03/06/2023,Y
https://nuforc.org/sighting/?id=174328,01/19/2023 07:53,Inverness,FL,USA,Other,"When seen contrails from front porch, saw the object traveling from north-east to south west and took picture with iPhone 13, no noise",02/06/2023,03/06/2023,Y
https://nuforc.org/sighting/?id=174015,01/19/2023 06:37,Lake Havasu City,AZ,USA,Light,A stationary extremely bright multicolored Light non sequential lasting until daylight,01/19/2023,03/06/2023,Y
https://nuforc.org/sighting/?id=174121,01/19/2023 00:40,swanscombe,Kent,United Kingdom,Unknown,It had a cylinder top and was round at the bottom,01/25/2023,03/06/2023,
https://nuforc.org/sighting/?id=174011,01/19/2023 00:40,Florida City,FL,USA,Circle,Round white/light yellow light moving fast.,01/19/2023,03/06/2023,
https://nuforc.org/sighting/?id=174013,01/18/2023 23:50,Killeen,TX,USA,Chevron,"Visually observed Delta shape over the foothills adjacent to Stillhouse Lake, Texas - just south of Killeen / Harker Heights",01/19/2023,03/06/2023,Y
https://nuforc.org/sighting/?id=174004,01/18/2023 19:32,mantua,NJ,USA,Circle,video taped orange objects visibly moving around then vanished on video,01/18/2023,03/06/2023,
https://nuforc.org/sighting/?id=174021,01/18/2023 18:55,Wakefield,NH,USA,Unknown,"3 really bright lights appeared, then disappeared seconds later. A really dim, fast moving light also appeared",01/19/2023,03/06/2023,Y
https://nuforc.org/sighting/?id=174014,01/18/2023 18:50,Conway,NH,USA,Light,Bright amber lights,01/19/2023,03/06/2023,
https://nuforc.org/sighting/?id=173995,01/18/2023 13:15,Fort Payne,AL,USA,Egg,I'm capturing these objects on my security camera and they are leaving landing areas.,01/18/2023,03/06/2023,Y
https://nuforc.org/sighting/?id=173997,01/18/2023 04:00,,NM,USA,Unknown,A Strange Light,01/18/2023,03/06/2023,
https://nuforc.org/sighting/?id=175641,01/18/2023 00:42,Repton,AL,USA,Unknown,There where two bright orbs that moved in sequence with each other they looked like they were about 1 mile apart and they turnt left,05/04/2023,05/19/2023,Y
https://nuforc.org/sighting/?id=173985,01/17/2023 22:20,Pittsburgh,PA,USA,Unknown,"Very loud red and white lights, gliding over our house, moving and shaped unlike a plane",01/17/2023,03/06/2023,
https://nuforc.org/sighting/?id=173990,01/17/2023 21:15,Ashington,Northumberland,United Kingdom,Star,Star sized object travelling fast and turning 180 and accelerating rapidly,01/17/2023,03/06/2023,
https://nuforc.org/sighting/?id=173992,01/17/2023 21:00,Seattle,WA,USA,Egg,Spotted egg in Seattle night sky.,01/18/2023,03/06/2023,
https://nuforc.org/sighting/?id=173988,01/17/2023 19:31,"SHENANDOAH, IA",IA,USA,Sphere,They're somewhat mushroom shape about the size of a VW bug with white lights and one red light toward the bottom,01/17/2023,03/06/2023,
https://nuforc.org/sighting/?id=173981,01/17/2023 19:25,,CA,USA,Diamond,Diamond shaped thing in the sky.,01/18/2023,03/06/2023,Y
https://nuforc.org/sighting/?id=173986,01/17/2023 17:23,Goodyear,AZ,USA,Circle,Took photo of sun and lake,01/17/2023,03/06/2023,Y
https://nuforc.org/sighting/?id=173979,01/17/2023 16:35,Madison,MS,USA,Triangle,"A dark, triangular shaped item moved across the sky - not a drone but I would describe as similar look.",01/18/2023,03/06/2023,
https://nuforc.org/sighting/?id=173998,01/17/2023 12:27,Barnegat,NJ,USA,Circle,Out my window I saw Little round Light,01/18/2023,03/06/2023,
https://nuforc.org/sighting/?id=173976,01/17/2023 00:14,Davis,CA,USA,Circle,Orangish circle object,01/17/2023,03/06/2023,
https://nuforc.org/sighting/?id=177240,01/16/2023 18:42,Jefferson City,MO,USA,Sphere,Object in the night sky,07/30/2023,09/10/2023,Y
https://nuforc.org/sighting/?id=174184,01/16/2023 17:16,Charleston,SC,USA,Other,Taking sunset photos from ship balcony,01/29/2023,03/06/2023,
https://nuforc.org/sighting/?id=174491,01/16/2023 14:30,Charlotte- Huntersville,NC,USA,Disk,"Moving S. to N. at view alt. 2000ft, 45ft. ""disc like"" craft w/ green & refractive triangular lights, w/ 250ft laser of white light.",02/13/2023,03/06/2023,Y
https://nuforc.org/sighting/?id=173966,01/16/2023 06:50,Shiloh,PA,USA,Light,"Saw two bright white lights on my way to work, both disappeared within minutes from seeing them",01/16/2023,03/06/2023,Y
https://nuforc.org/sighting/?id=173959,01/15/2023 22:34,Wellington,,Barbados,Orb,"A right circular orb, flashing many different kinds of light going bright getting them I have the video",01/16/2023,03/06/2023,
https://nuforc.org/sighting/?id=173958,01/15/2023 21:00,Middle River,MD,USA,Light,Lots of Bright lights moving as quick as a flick of a finger to other side of the sky,01/16/2023,03/06/2023,
https://nuforc.org/sighting/?id=173920,01/15/2023 20:24,Gurugram,Haryana,India,Circle,It was moving in circular motion,01/15/2023,03/06/2023,
https://nuforc.org/sighting/?id=174048,01/15/2023 19:13,Bogdanowo,Greater Poland Voivodeship,Poland,Circle,One object very far in close look 3 flashing,01/21/2023,03/06/2023,Y
https://nuforc.org/sighting/?id=173950,01/15/2023 18:30,Iuka,MS,USA,Unknown,A star pulled my attention to the sky. It quickly became the brightest in the sky. It split info two light moving in opposite direct…,01/15/2023,03/06/2023,
https://nuforc.org/sighting/?id=173945,01/15/2023 18:00,Boynton Beach,FL,USA,Cone,Cone shaped object with cloud like contrail that did not dissipate rapidly in sky,01/15/2023,03/06/2023,Y
https://nuforc.org/sighting/?id=173943,01/15/2023 17:59,Miami Shores,FL,USA,Light,One object turns to 3. Moving extremely fast and changing direction. Dispersing into nothing.,01/15/2023,03/06/2023,Y
https://nuforc.org/sighting/?id=173949,01/15/2023 17:59,Wilmington,NC,USA,Sphere,The kids thought it was a rocket ship but it was going sideways,01/15/2023,03/06/2023,
https://nuforc.org/sighting/?id=174020,01/15/2023 17:09,Kingsville,MD,USA,Cigar,"6 bright lights suddenly appeared, had a tail of light and suddenly disappeared",01/19/2023,03/06/2023,Y
https://nuforc.org/sighting/?id=173944,01/15/2023 15:30,Media,PA,USA,Fireball,I saw 3 fireball shaped clouds moving almost vertically in the sky. I took out my phone and took a video. Then I stopped the video.,01/15/2023,03/06/2023,
https://nuforc.org/sighting/?id=174092,01/15/2023 15:23,Columbus,OH,USA,Orb,Orb hovering over our house,01/23/2023,03/06/2023,Y
https://nuforc.org/sighting/?id=173951,01/15/2023 11:57,Saint Petersburg,FL,USA,Disk,"Metallic disk appeared for 5 seconds and disappeared. Saw it again moments later, further west, and disappeared in the same manner.",01/15/2023,03/06/2023,
https://nuforc.org/sighting/?id=173947,01/15/2023 08:45,East Farnham,QC,Canada,Disk,It was so low it seemed like a plane was going to crash. It just hovered and changed directions 3 times then disappeared,01/15/2023,03/06/2023,
https://nuforc.org/sighting/?id=173921,01/15/2023 05:30,Mercer Island,WA,USA,Unknown,Directly in front of bedroom window,01/15/2023,03/06/2023,
https://nuforc.org/sighting/?id=173953,01/15/2023 02:10,Dallas,TX,USA,Orb,"3 of us, 5 ft apart, whom are all strangers to each other, and SOBER, saw the same object in the sky above us simultaneously",01/15/2023,03/06/2023,
https://nuforc.org/sighting/?id=176535,01/15/2023 01:00,Goshen,CT,USA,Fireball,Static noises. What looked like a shooting star with blue and red tail came straight down and disappeared into farmland.,06/30/2023,07/10/2023,
https://nuforc.org/sighting/?id=175597,01/14/2023 22:00,DEKALB,IL,USA,Chevron,"These are following up with a previous report from Dekalb. In this photo, details of the chevron object can be seen much better",04/29/2023,05/19/2023,Y
https://nuforc.org/sighting/?id=173968,01/14/2023 19:30,"Ranch S/W of Tilden, TX",TX,USA,Light,"Looking SE from Coordinate location, viewed lights moving in circles and darting from one location to another.",01/16/2023,03/06/2023,
https://nuforc.org/sighting/?id=174249,01/14/2023 19:25,Rock island and cookeville,TN,USA,Cigar,It scared us bc it watched us and followed us 45 miles to cookeville,02/02/2023,03/06/2023,
https://nuforc.org/sighting/?id=173956,01/14/2023 18:47,Myrtle Beach,SC,USA,Sphere,"See them all the time, but got good several good pics and videos this time.",01/16/2023,03/06/2023,Y
https://nuforc.org/sighting/?id=173928,01/14/2023 18:00,Portland,OR,USA,Light,I saw an orange reddish light just above the West hills in Portland,01/14/2023,03/06/2023,
https://nuforc.org/sighting/?id=173924,01/14/2023 15:55,Bellingham,WA,USA,Triangle,Black triangular shape stayed stationary for approx 10 min,01/14/2023,03/06/2023,Y
https://nuforc.org/sighting/?id=173905,01/14/2023 06:31,Greer,SC,USA,Light,Spotted a green light appearing out of nowhere and quickly traveling a short distance before disappearing,01/14/2023,03/06/2023,
https://nuforc.org/sighting/?id=173938,01/14/2023 03:53,Camden,SC,USA,Fireball,It looked like a fireball,01/16/2023,03/06/2023,
https://nuforc.org/sighting/?id=173904,01/13/2023 21:40,Hahira,GA,USA,Triangle,Triangular UAP taking off from hover position.,01/14/2023,03/06/2023,Y
https://nuforc.org/sighting/?id=174059,01/13/2023 20:15,Bridgeton,MO,USA,Circle,"Two pair. Shorter space between two, more space between next pair.",01/22/2023,03/06/2023,Y
https://nuforc.org/sighting/?id=173891,01/13/2023 18:06,paonta sahib,Himachal Pradesh,India,Light,i,01/13/2023,03/06/2023,Y
https://nuforc.org/sighting/?id=173931,01/13/2023 17:53,Bemidji,MN,USA,Light,"Bright light just below Venus, just disappears",01/14/2023,03/06/2023,
https://nuforc.org/sighting/?id=173912,01/13/2023 17:03,Toms River,NJ,USA,Chevron,"I was looking at sky from car, I opened window stuck phone out to take sunset. In the photo appears two objects.",01/13/2023,03/06/2023,Y
https://nuforc.org/sighting/?id=173913,01/13/2023 16:47,North Las Vegas,NV,USA,Unknown,I was looking out my window. When a black mass floated up into the sky directly in front of me.,01/13/2023,03/06/2023,
https://nuforc.org/sighting/?id=174421,01/13/2023 16:37,,-,USA,Oval,Object with lights seen at high altitude,02/11/2023,03/06/2023,Y
https://nuforc.org/sighting/?id=173919,01/13/2023 11:49,Pacific ocean,,Unspecified,Light,2 lights moving rapidly back and forth,01/14/2023,03/06/2023,
https://nuforc.org/sighting/?id=173940,01/13/2023 06:35,Tonto Basin,AZ,USA,Other,Looked like airplane with fake fire ontop,01/15/2023,03/06/2023,
https://nuforc.org/sighting/?id=173878,01/13/2023 01:36,Bengaluru,Karnataka,India,Star,It looks like a cluster of stars and is stationery,01/12/2023,03/06/2023,Y
https://nuforc.org/sighting/?id=173890,01/13/2023 00:14,Raleigh,NC,USA,Oval,I saw something hovering in the air with light all around and there was a blue light,01/12/2023,03/06/2023,
https://nuforc.org/sighting/?id=173898,01/12/2023 19:30,CHESTERFIELD,MO,USA,Unknown,A massive black object with no lights flying ultra low over our home.,01/13/2023,03/06/2023,
https://nuforc.org/sighting/?id=173957,01/12/2023 19:24,Lindsay,CA,USA,Light,Almost every night for the last 3 years these lights that change color green or orange show up wherever I am they just hover and follow,01/16/2023,03/06/2023,Y
https://nuforc.org/sighting/?id=173884,01/12/2023 18:55,ORLANDO,FL,USA,Light,Balls of light in the sky flying in a row,01/12/2023,03/06/2023,
https://nuforc.org/sighting/?id=174188,01/12/2023 18:36,Kirkland,AZ,USA,Circle,3 white/orange rings of light,01/29/2023,03/06/2023,
https://nuforc.org/sighting/?id=176561,01/12/2023 18:20,San Francisco,CA,USA,Sphere,We witnesses 6 then 5 glowing orbs a couple miles away in the sky. They were floating. Very bright. Over reside rial area,07/02/2023,07/10/2023,Y
https://nuforc.org/sighting/?id=174623,01/12/2023 18:08,,-,USA,Cigar,There was one triangle shaped craft and many dots around it.,02/17/2023,03/06/2023,Y
https://nuforc.org/sighting/?id=173963,01/12/2023 17:30,Orlando,FL,USA,Unknown,An emerald green sphere in the sky noted in picture and when enhanced it appears to be a spacecraft.,01/16/2023,03/06/2023,Y
https://nuforc.org/sighting/?id=173971,01/12/2023 11:00,El Centro,CA,USA,Circle,While looking at my security camera I noticed 2 silver objects hovering above ground.,01/16/2023,03/06/2023,
https://nuforc.org/sighting/?id=176188,01/12/2023 06:30,Depoe Bay,OR,USA,Orb,"The orb appeared and disappeared, flashing brightly and moving rapidly while appearing to exist in multiple locations simultaneously.",06/10/2023,07/10/2023,Y
https://nuforc.org/sighting/?id=174082,01/12/2023 05:12,Dobson,NC,USA,Triangle,"Heard odd sound, saw triangular craft, three red lights, flying low as it passed overhead.",01/23/2023,03/06/2023,
https://nuforc.org/sighting/?id=173942,01/12/2023 00:30,Winston-Salem,NC,USA,Cigar,"My sister and I heard low humming that shook the house at around 12:30 AM, my sister viewed the cigar shaped craft go over some trees.",01/15/2023,03/06/2023,
https://nuforc.org/sighting/?id=173867,01/11/2023 22:37,Colchester,VT,USA,Oval,These oval crafts surrounded by white lights hovering and moving around in the sky I have been observing for the past twelve years. In,01/11/2023,03/06/2023,
https://nuforc.org/sighting/?id=174483,01/11/2023 21:31,Big cypress national preserve,FL,USA,Sphere,While driving down this very long route in the middle of nowhere florida I spotted these very bright flying objects,02/12/2023,03/06/2023,Y
https://nuforc.org/sighting/?id=175584,01/11/2023 20:30,Indian Lake Estates,FL,USA,Formation,Approx. 8:30 p.m. looking around sky for ufo's with night vision and barely caught a small fleet of approx. seven tic-tac shaped crafts,04/30/2023,05/19/2023,Y
https://nuforc.org/sighting/?id=173861,01/11/2023 20:01,wilmington,DE,USA,Fireball,Me and everyone outside saw it from the street.,01/11/2023,03/06/2023,
https://nuforc.org/sighting/?id=173862,01/11/2023 19:55,Palm Bay,FL,USA,Cigar,Bright green object flew over house,01/11/2023,03/06/2023,
https://nuforc.org/sighting/?id=173866,01/11/2023 19:35,Altadena,CA,USA,Oval,Almost invisible except for oval ring glowing a slight green,01/11/2023,03/06/2023,
https://nuforc.org/sighting/?id=173860,01/11/2023 19:22,Palm Bay,FL,USA,Unknown,2 stationary lights in separate locations became mobile,01/11/2023,03/06/2023,
https://nuforc.org/sighting/?id=173871,01/11/2023 19:10,HONOLULU,HI,USA,Sphere,"A brilliant small circle of light, high in the sky, no sound, travelled from the South Shore near Honolulu to the Northeast Oahu",01/11/2023,03/06/2023,
https://nuforc.org/sighting/?id=174227,01/11/2023 18:41,Quincy,IL,USA,Changing,"Object floatimg and strobing brightness, after time it moves changes color etc. Not normal, not helicopter or plane or drone",02/01/2023,03/06/2023,Y
https://nuforc.org/sighting/?id=173930,01/11/2023 18:39,Pleasant Valley,AK,USA,Disk,I was driving home when I looked up at a large bright disk like object and after a few moments it flew down and away.,01/14/2023,03/06/2023,
https://nuforc.org/sighting/?id=173865,01/11/2023 18:20,Oro Valley,AZ,USA,Light,Lighted object traveling north bound at a high elevation and at a high rate of speed curved to the Northeast,01/11/2023,03/06/2023,Y
https://nuforc.org/sighting/?id=173856,01/11/2023 12:18,,OR,USA,Circle,It was a busy night. I assumed it was dps drones. Seemed to intuitive movements as I watched going up and down looking like it was surv,01/11/2023,03/06/2023,
https://nuforc.org/sighting/?id=173842,01/11/2023 11:44,Delray Beach,FL,USA,Chevron,I looked up and saw 2 black V shaped objects at a higher altitude moving very fast with no vapor trail sound or exhaust,01/11/2023,03/06/2023,
https://nuforc.org/sighting/?id=174512,01/11/2023 08:00,Broomfield,CO,USA,Circle,"Jan 11th I saw an object in the sky that matched the object over Billings, MT.",02/13/2023,03/06/2023,
https://nuforc.org/sighting/?id=173844,01/11/2023 05:10,Tallahassee,FL,USA,Other,It appeared to look similar to the starlink satellite picture but disappeared from sight and couldn't be tracked even in my vehicle.,01/11/2023,03/06/2023,
https://nuforc.org/sighting/?id=174385,01/11/2023 02:33,Newberg,OR,USA,Triangle,This craft was MASSIVE,02/10/2023,03/06/2023,
https://nuforc.org/sighting/?id=174779,01/11/2023 01:30,gresham,OR,USA,Cylinder,"Black silhouetted object, no lights, no noise, barely discernible because the object blended into the night sky so well",03/01/2023,03/06/2023,
https://nuforc.org/sighting/?id=173830,01/11/2023 00:00,Polk City,FL,USA,Other,Looked like a jelly fish shaped force field with 2 lights that separated from it and went in different directions and one lit up,01/09/2023,03/06/2023,
https://nuforc.org/sighting/?id=173872,01/10/2023 22:45,Corona,CA,USA,Fireball,Several Craft changing shape,01/11/2023,03/06/2023,Y
https://nuforc.org/sighting/?id=175628,01/10/2023 22:00,Eglin AFB,FL,USA,Light,Stationary flashing lights over Eglin AFB. I let friend at AFB know. Hopefully military but thought I’d report.,05/05/2023,05/19/2023,Y
https://nuforc.org/sighting/?id=173822,01/10/2023 21:42,Kingwood,NJ,USA,Light,Two bright white objects,01/09/2023,03/06/2023,
https://nuforc.org/sighting/?id=173864,01/10/2023 21:13,Hamilton,VA,USA,Changing,A flashing orb that projected different shapes and disappeared,01/11/2023,03/06/2023,
https://nuforc.org/sighting/?id=173850,01/10/2023 19:58,Kawartha lakes,ON,Canada,Light,A light in the sky that was blue green and red,01/10/2023,03/06/2023,
https://nuforc.org/sighting/?id=173849,01/10/2023 18:45,Spicewood,TX,USA,Fireball,Sitting in the second level of my home at around 6:45 p.m. saw a really bright light that resembled a ball of fire with a tail,01/10/2023,03/06/2023,
https://nuforc.org/sighting/?id=174009,01/10/2023 17:10,Danville,CA,USA,Light,Stationary Craft of a luminous appearance at high altitude,01/19/2023,03/06/2023,Y
https://nuforc.org/sighting/?id=174062,01/10/2023 16:50,Oxnard,CA,USA,Other,Beautiful Blue Ball of Light with a Light Blue Image right behind,01/22/2023,03/06/2023,Y
https://nuforc.org/sighting/?id=176267,01/10/2023 15:06,Lawrenceville,GA,USA,,MADAR site 92 20 mi NW of Cumming had spikes,06/14/2023,07/10/2023,
https://nuforc.org/sighting/?id=173846,01/10/2023 15:05,Cumming,GA,USA,Egg,"White craft with no wings, exhaust, lights moving fast and pretty low",01/11/2023,03/06/2023,Y
https://nuforc.org/sighting/?id=176266,01/10/2023 15:05,Ball Ground,GA,USA,,MADAR site 129 17 mi SE of Cumming had spikes,06/14/2023,07/10/2023,
https://nuforc.org/sighting/?id=173840,01/10/2023 15:00,Sebring,FL,USA,Other,Silver reflective circle high up in sky,01/10/2023,03/06/2023,
https://nuforc.org/sighting/?id=173879,01/10/2023 07:15,Salem,OR,USA,Cigar,Large fat cigar shaped 2 miles south of Salem hovering with 2 large lights light head lights thought it was a bus size drone,01/12/2023,03/06/2023,
https://nuforc.org/sighting/?id=173829,01/10/2023 00:20,Sunrise,FL,USA,Orb,Noticed one bright orange ball in sky then two more balls coming from that one and the two were moving.,01/09/2023,03/06/2023,
https://nuforc.org/sighting/?id=173827,01/10/2023 00:00,Ocala,FL,USA,Fireball,Bright blue light appeared in sky nw of my location about 2 miles out got bright cought fire turned into two,01/09/2023,03/06/2023,
https://nuforc.org/sighting/?id=173848,01/09/2023 23:51,Orlando,FL,USA,Fireball,Saw fire ball flying,01/10/2023,03/06/2023,
https://nuforc.org/sighting/?id=173831,01/09/2023 23:50,Carrollwood,FL,USA,Cone,3 craft seen with Orange glow seen twice from larger of craft in an area not known for sightings.,01/09/2023,03/06/2023,
https://nuforc.org/sighting/?id=173837,01/09/2023 23:50,Vero Beach,FL,USA,Changing,Two strange vapor trails and an exposion,01/10/2023,03/06/2023,
https://nuforc.org/sighting/?id=176758,01/09/2023 20:15,Brisbane,Queensland,Australia,Disk,I saw iridescent green ufo 'saturn' shaped hovering over the 3 story apartment block.,07/13/2023,07/29/2023,
https://nuforc.org/sighting/?id=173851,01/09/2023 20:00,Wilmington,OH,USA,Unknown,Followup to my earlier report,01/10/2023,03/06/2023,
https://nuforc.org/sighting/?id=173825,01/09/2023 19:21,Linden,MI,USA,Formation,Many orbs flying east sooooo fast,01/09/2023,03/06/2023,
https://nuforc.org/sighting/?id=173819,01/09/2023 17:50,Milford,CT,USA,Unknown,"18 btw. I was outside with friend. Saw white circle then turn into flames, then go down right to left. Then 5 min later same thing L-R",01/09/2023,03/06/2023,Y
https://nuforc.org/sighting/?id=173821,01/09/2023 17:35,Chesterfield,VA,USA,Cylinder,Thought it was small meteor or back of a missile (I’ve never seen one). But it was extraordinary fast with no sound. Parallel to tree.,01/09/2023,03/06/2023,
https://nuforc.org/sighting/?id=173818,01/09/2023 17:27,Calverton,NY,USA,Light,Started as a very faint light that began to move at almost lighting speed that eventually turned into a massive ball of fire,01/09/2023,03/06/2023,
https://nuforc.org/sighting/?id=173826,01/09/2023 17:25,Bridgewater,NJ,USA,Circle,Flying ball of extreme bright pulsating white light,01/09/2023,03/06/2023,
https://nuforc.org/sighting/?id=173835,01/09/2023 16:30,Yokohama,Kanagawa Prefecture,Japan,Formation,4-6 ufos flying slowly in a parallel formation,01/10/2023,03/06/2023,Y
https://nuforc.org/sighting/?id=173852,01/09/2023 14:36,Winter Park,FL,USA,Circle,I saw a blue light not moving in the Sky and other lights coming afterwards like shooting starts. This is happening very daily,01/10/2023,03/06/2023,Y
https://nuforc.org/sighting/?id=173834,01/09/2023 08:00,Wilmington,OH,USA,Unknown,Colorful spot in the sky,01/10/2023,03/06/2023,
https://nuforc.org/sighting/?id=173806,01/09/2023 04:05,Joplin,MO,USA,Light,White light moving left and right slowly cycling bright to dim,01/09/2023,03/06/2023,
https://nuforc.org/sighting/?id=173983,01/09/2023 03:55,Tohatchi,NM,USA,Orb,Big bright spherical orbs moving in many directions and stationary like flying in maneuvers.,01/17/2023,03/06/2023,Y
https://nuforc.org/sighting/?id=173807,01/08/2023 21:45,Northglenn,CO,USA,Light,Fast moving lights.,01/09/2023,03/06/2023,
https://nuforc.org/sighting/?id=173799,01/08/2023 17:54,North York,ON,Canada,Light,It had an orange yellow light in the center and it was definitely not an airplane. It was traveling straight across.,01/08/2023,03/06/2023,
https://nuforc.org/sighting/?id=173839,01/08/2023 17:30,Lakeville,MA,USA,Light,This report is a further defined description on the previous observations,01/10/2023,03/06/2023,
https://nuforc.org/sighting/?id=173801,01/08/2023 17:21,Madison,WI,USA,Chevron,Took my dog outside and instantly noticed lights in the sky.,01/08/2023,03/06/2023,
https://nuforc.org/sighting/?id=174097,01/08/2023 08:35,Spokane valley,WA,USA,Other,Our backyard camera recorded this strange object,01/24/2023,03/06/2023,Y
https://nuforc.org/sighting/?id=173788,01/08/2023 05:30,Niantic,CT,USA,Circle,Bright small circle shaped object with no aircraft signals and moving at fast rate making movements that were not aircraft like,01/08/2023,03/06/2023,
https://nuforc.org/sighting/?id=173787,01/08/2023 04:00,New York,NY,USA,Disk,UFO in Manhattan,01/08/2023,03/06/2023,
https://nuforc.org/sighting/?id=173820,01/07/2023 23:59,Olympia,WA,USA,Circle,"Took a pic of full moon for an screensaver. Immediately noticed on the pic. Tried for more, was visible on phone & disappeared b4 more",01/09/2023,03/06/2023,Y
https://nuforc.org/sighting/?id=173786,01/07/2023 22:30,Tucson,AZ,USA,Changing,"Big blurry star, looked though binoculars clearly one object changing shape dozens of yellow lights no aircraft running lights",01/08/2023,03/06/2023,
https://nuforc.org/sighting/?id=174064,01/07/2023 21:12,Wichita,KS,USA,Triangle,"I went outside, looked north, saw one orange light start to move then another appearing to do the same, shortly after both fading.",01/22/2023,03/06/2023,Y
https://nuforc.org/sighting/?id=173785,01/07/2023 18:19,Bagdad,FL,USA,Rectangle,Taking picture of moon and after looking at photo saw two rectangular shaped orbs in photo,01/08/2023,03/06/2023,Y
https://nuforc.org/sighting/?id=174157,01/07/2023 18:00,Waverly,AL,USA,Circle,We were getting in the car and we saw one chasing the other,01/27/2023,03/06/2023,
https://nuforc.org/sighting/?id=173782,01/07/2023 17:48,West haven,CT,USA,Circle,Orange balls,01/07/2023,03/06/2023,
https://nuforc.org/sighting/?id=174081,01/07/2023 09:41,Chino ca,CA,USA,Light,"Noticed the lights while on freeway. So a bright light then 4 lights then one light disappeared, then I saw two lights again",01/23/2023,03/06/2023,Y
https://nuforc.org/sighting/?id=173916,01/06/2023 23:50,Jensen Beach,FL,USA,Changing,I saw this when taking a photo of the full moon on 1/6/23 right before and after midnight.,01/13/2023,03/06/2023,Y
https://nuforc.org/sighting/?id=173779,01/06/2023 23:30,Riverview,FL,USA,Egg,"Unusually large, bright, orange, stagnant object",01/07/2023,03/06/2023,
https://nuforc.org/sighting/?id=173773,01/06/2023 21:00,Greeneville,TN,USA,Triangle,UFO with two 3 lights in triangular shape,01/06/2023,03/06/2023,
https://nuforc.org/sighting/?id=174229,01/06/2023 20:40,Gladstone,Queensland,Australia,Other,"Aircraft flying very low to ground, no sound emitted, size of a large plane but looked like a massive drone",01/31/2023,03/06/2023,
https://nuforc.org/sighting/?id=173805,01/06/2023 20:17,Chandler,AZ,USA,Star,Bright star moving across sky unnaturally fast from directly above me to the horizon in about 10 seconds without dimming and was silent,01/08/2023,03/06/2023,
https://nuforc.org/sighting/?id=179100,01/06/2023 20:00,Garland,TX,USA,Circle,Flight path usually the same,10/24/2023,10/28/2023,
https://nuforc.org/sighting/?id=173768,01/06/2023 17:50,Prince Frederick,MD,USA,Light,"A circle of light appeared above the cloud cover, moved in an erratic zigzag pattern and then disappeared.",01/06/2023,03/06/2023,
https://nuforc.org/sighting/?id=173933,01/06/2023 17:12,Austin,TX,USA,Cylinder,Craft with 2 small contrails below it craft was stationary,01/14/2023,03/06/2023,
https://nuforc.org/sighting/?id=173777,01/06/2023 16:12,Spokane Valley,WA,USA,Other,Meteorites/Space Junk?,01/06/2023,03/06/2023,
https://nuforc.org/sighting/?id=173771,01/06/2023 15:38,Savannah,GA,USA,Disk,Saucer Shaped Object,01/06/2023,03/06/2023,
https://nuforc.org/sighting/?id=173790,01/06/2023 15:20,Great Smokies National Park,NC,USA,Cylinder,"Massive, moving behind ridgeline",01/07/2023,03/06/2023,Y
https://nuforc.org/sighting/?id=173784,01/06/2023 08:10,Waynesboro,PA,USA,Unknown,I saw it moving quickly and noticed it wasn’t a plane.,01/07/2023,03/06/2023,Y
https://nuforc.org/sighting/?id=173809,01/06/2023 05:40,Chino Valley,AZ,USA,Light,Red light that changed colors,01/09/2023,03/06/2023,
https://nuforc.org/sighting/?id=173781,01/06/2023 05:25,Bayville,NY,USA,Light,Blinking/flashing/shimmering lights in the sky,01/07/2023,03/06/2023,Y
https://nuforc.org/sighting/?id=173783,01/06/2023 03:00,approx 1000 nm north of Kauai Hawaii,CO,USA,Triangle,3 smaller star-like objects moving around a brighter one making rapid speed changes and directions.,01/07/2023,03/06/2023,Y
https://nuforc.org/sighting/?id=173763,01/06/2023 02:00,Harlech,Gwynedd,United Kingdom,Disk,Many many bright lights travelling East to West over Irish sea,01/06/2023,03/06/2023,
https://nuforc.org/sighting/?id=177778,01/05/2023 22:45,East St louis,IL,USA,Unknown,Clouds formed out of no where and lights,08/24/2023,09/10/2023,Y
https://nuforc.org/sighting/?id=173937,01/05/2023 21:12,Spartanburg,SC,USA,Changing,In the sky right above my house but this time u was driving and it followed,01/16/2023,03/06/2023,
https://nuforc.org/sighting/?id=173756,01/05/2023 21:00,Port Charlotte,FL,USA,Circle,My granddaughter and I witness a circular object with bright lights in the sky.,01/05/2023,03/06/2023,
https://nuforc.org/sighting/?id=173770,01/05/2023 19:45,Crofton/ Gambrills,MD,USA,Sphere,"It was a sphere shaped object with jagged edges the remained in place, but changed colors.",01/06/2023,03/06/2023,Y
https://nuforc.org/sighting/?id=173752,01/05/2023 18:40,Wall Township,NJ,USA,Unknown,There were four lights moving in unison with no sound at all.,01/05/2023,03/06/2023,
https://nuforc.org/sighting/?id=173765,01/05/2023 18:15,Miami,MA,USA,Light,I took a picture of the beautiful moon and the lights showed in in the cloud below the moon.,01/06/2023,03/06/2023,Y
https://nuforc.org/sighting/?id=173741,01/05/2023 18:03,Nazareth,PA,USA,Cylinder,Looked out towards my window and saw an unidentified object floating in the air.,01/05/2023,03/06/2023,Y
https://nuforc.org/sighting/?id=173748,01/05/2023 08:00,Kingman,AZ,USA,Other,When looking back over sunrise photos from this morning,01/05/2023,03/06/2023,Y
https://nuforc.org/sighting/?id=173749,01/05/2023 07:30,Longview,NC,USA,Cigar,"Pill shaped object, looked like a blinking star.",01/05/2023,03/06/2023,Y
https://nuforc.org/sighting/?id=173823,01/04/2023 21:51,Brook Highland,AL,USA,Unknown,Took a video of a craft shining many colors without having any aircraft type identifying lights. Object flew towards Lake Purdy,01/09/2023,03/06/2023,
https://nuforc.org/sighting/?id=173737,01/04/2023 21:40,Between Maine & Binghamton,NY,USA,Oval,Saw bright oval/shaped craft,01/04/2023,03/06/2023,
https://nuforc.org/sighting/?id=173978,01/04/2023 21:15,Forney,TX,USA,Chevron,Chevron shape hovering in place,01/18/2023,03/06/2023,Y
https://nuforc.org/sighting/?id=173793,01/04/2023 16:06,Duson,LA,USA,Cylinder,No way it was another airplane or chopper,01/07/2023,03/06/2023,Y
https://nuforc.org/sighting/?id=174290,01/04/2023 02:08,Tel aviv,,Israel,Light,A craft appeared in my bedroom and a being emerged conversing with me.,02/03/2023,03/06/2023,
https://nuforc.org/sighting/?id=173708,01/04/2023 01:15,Brisbane,Queensland,Australia,Light,I’ve seen a couple of these lately and they’re all a bit different from one another but this latest one was very bright and was contrll,01/03/2023,03/06/2023,
https://nuforc.org/sighting/?id=173750,01/04/2023 00:30,Fresno,CA,USA,Circle,There was bright white maybe silver lights and then a lil bit of blue or green lights .,01/05/2023,03/06/2023,
https://nuforc.org/sighting/?id=173772,01/03/2023 23:38,Charlotte,NC,USA,Cylinder,I was walking alone just going for my usual midnight walk,01/06/2023,03/06/2023,
https://nuforc.org/sighting/?id=173778,01/03/2023 23:30,New Castle,PA,USA,Cigar,25 Cigar Bright Shaped high as plane,01/07/2023,03/06/2023,
https://nuforc.org/sighting/?id=174913,01/03/2023 15:57,Yuma,AZ,USA,Fireball,a luminous big ball hung over the mountain,03/07/2023,04/09/2023,Y
https://nuforc.org/sighting/?id=173723,01/02/2023 22:00,Seattle,WA,USA,Orb,"Bright gold sphere aircraft pulsating, flies to west horizon and erupts in red light",01/03/2023,03/06/2023,
https://nuforc.org/sighting/?id=173910,01/02/2023 21:30,Wilmington,DE,USA,Oval,Sighted a large dark oval shaped figure with 3 red lights in a trangle formation,01/13/2023,03/06/2023,
https://nuforc.org/sighting/?id=173703,01/02/2023 19:09,Near Hagerstown,MD,USA,Triangle,"Latest was bottom view almost directly overhead, 3 lights equidistant apart side lite up, short jerky moves at times, seen East to West",01/02/2023,03/06/2023,
https://nuforc.org/sighting/?id=173709,01/02/2023 19:00,Lakeville,MA,USA,Changing,"This is 4th report, the sighting evolves each time I'm out observing.. picking up on more details of the crafts.",01/03/2023,03/06/2023,
https://nuforc.org/sighting/?id=174125,01/02/2023 01:00,Albany,NY,USA,Cigar,Object came down from the sky,01/25/2023,03/06/2023,
https://nuforc.org/sighting/?id=173683,01/02/2023 00:30,Newark,CA,USA,Other,Why isn’t anyone reporting this on news?,01/02/2023,03/06/2023,
https://nuforc.org/sighting/?id=174719,01/01/2023 23:59,Forest City,AR,USA,Oval,A shadow came across with lights hitting the ground and a spot light type light,02/26/2023,03/06/2023,Y
https://nuforc.org/sighting/?id=173897,01/01/2023 22:00,Woodville,AL,USA,Unknown,Bright light in the middle of nowhere. Did not move like a lot flying aircraft in that it moved laterally & straight up & down in sec.,01/13/2023,03/06/2023,
https://nuforc.org/sighting/?id=173689,01/01/2023 20:55,Edgewater,FL,USA,Cylinder,Spotted a low flying silent orange object coming from east to west lasted about 5 mins or so glowing went away to dim white light disa,01/01/2023,03/06/2023,Y
https://nuforc.org/sighting/?id=173706,01/01/2023 18:40,Wantagh,NY,USA,Circle,It was a bright light would blink stay light then move a weird way almost looked like a drone but it definitely was not a drone,01/03/2023,03/06/2023,
https://nuforc.org/sighting/?id=173691,01/01/2023 18:30,TUCSON,AZ,USA,Unknown,40+ lights in the atmosphere moving in all directions,01/02/2023,03/06/2023,
https://nuforc.org/sighting/?id=173694,01/01/2023 18:05,Poi pu,HI,USA,Circle,Saw UFO after taking photo of the sunset,01/02/2023,03/06/2023,Y
https://nuforc.org/sighting/?id=174930,01/01/2023 18:00,Middlebourne,WV,USA,Sphere,My fiance and I along with a friend were driving home when 3 crafts appeared right beside us on the road.,03/08/2023,04/09/2023,
https://nuforc.org/sighting/?id=173802,01/01/2023 17:48,Blaine,MN,USA,Circle,Odd light in sky caught on Ring video camera.,01/08/2023,03/06/2023,
https://nuforc.org/sighting/?id=173676,01/01/2023 16:56,Duck,NC,USA,Unknown,Multiple streaks changing direction with at times showing a dark craft.,01/01/2023,03/06/2023,
https://nuforc.org/sighting/?id=173705,01/01/2023 16:45,Clovis,NM,USA,Cigar,Cigar shape bobbed in & out of clouds in place.,01/02/2023,03/06/2023,
https://nuforc.org/sighting/?id=173977,01/01/2023 12:00,Roanoke,VA,USA,Unknown,Red bell moving in jerky almost as u would move a laser pointer.,01/18/2023,03/06/2023,
https://nuforc.org/sighting/?id=173673,01/01/2023 10:56,Los Angeles,CA,USA,Circle,Saw a fast moving disc when coming into land at LAX airport,01/01/2023,03/06/2023,
https://nuforc.org/sighting/?id=173674,01/01/2023 09:48,Marfa,TX,USA,Other,Random white structure in the sky- not moving at all,01/01/2023,03/06/2023,Y
https://nuforc.org/sighting/?id=173906,01/01/2023 07:01,North Myrtle Beach,SC,USA,Cylinder,Seen just before sunrise on New Year's Day,01/14/2023,03/06/2023,Y
https://nuforc.org/sighting/?id=173680,01/01/2023 05:05,Pendleton,OR,USA,Light,Orange light hovering and maybe very slowly floating to the North.,01/01/2023,03/06/2023,Y
https://nuforc.org/sighting/?id=173707,01/01/2023 02:06,Plano,TX,USA,Light,My friend and I were sitting in her car saw this bright orange glowing thing very quick and steady fly over us.,01/03/2023,03/06/2023,
https://nuforc.org/sighting/?id=174475,01/01/2023 01:30,Port Charlotte,FL,USA,Triangle,I have never seen anything like this before and no noise,02/12/2023,03/06/2023,Y
https://nuforc.org/sighting/?id=173660,01/01/2023 00:45,North Chesterfield,VA,USA,Formation,Two lights moving together in formation at fast speed,12/31/2022,03/06/2023,
https://nuforc.org/sighting/?id=173668,01/01/2023 00:30,Hyattsville,MD,USA,Triangle,Triangle formation,01/01/2023,03/06/2023,
https://nuforc.org/sighting/?id=173675,01/01/2023 00:30,Waialua,HI,USA,Formation,Numerous greenish twinkling stars in a swarm slowing drifting over ocean.,01/01/2023,03/06/2023,
https://nuforc.org/sighting/?id=173688,01/01/2023 00:30,Houston,TX,USA,Rectangle,Four objects flying over neighborhood,01/01/2023,03/06/2023,Y
https://nuforc.org/sighting/?id=173671,01/01/2023 00:03,Roma,TX,USA,Fireball,"A series of fireballs in different sequence, that lasted over a series of minutes",01/01/2023,03/06/2023,Y
https://nuforc.org/sighting/?id=173717,01/01/2023 00:03,Warm Springs,OR,USA,Disk,Security Camera Footage,01/03/2023,03/06/2023,
https://nuforc.org/sighting/?id=174719,01/01/2023 23:59,Forest City,AR,USA,Oval,A shadow came across with lights hitting the ground and a spot light type light,02/26/2023,03/06/2023,Y
https://nuforc.org/sighting/?id=173897,01/01/2023 22:00,Woodville,AL,USA,Unknown,Bright light in the middle of nowhere. Did not move like a lot flying aircraft in that it moved laterally & straight up & down in sec.,01/13/2023,03/06/2023,
https://nuforc.org/sighting/?id=173689,01/01/2023 20:55,Edgewater,FL,USA,Cylinder,Spotted a low flying silent orange object coming from east to west lasted about 5 mins or so glowing went away to dim white light disa,01/01/2023,03/06/2023,Y
https://nuforc.org/sighting/?id=173706,01/01/2023 18:40,Wantagh,NY,USA,Circle,It was a bright light would blink stay light then move a weird way almost looked like a drone but it definitely was not a drone,01/03/2023,03/06/2023,
https://nuforc.org/sighting/?id=173691,01/01/2023 18:30,TUCSON,AZ,USA,Unknown,40+ lights in the atmosphere moving in all directions,01/02/2023,03/06/2023,
https://nuforc.org/sighting/?id=173694,01/01/2023 18:05,Poi pu,HI,USA,Circle,Saw UFO after taking photo of the sunset,01/02/2023,03/06/2023,Y
https://nuforc.org/sighting/?id=174930,01/01/2023 18:00,Middlebourne,WV,USA,Sphere,My fiance and I along with a friend were driving home when 3 crafts appeared right beside us on the road.,03/08/2023,04/09/2023,
https://nuforc.org/sighting/?id=173802,01/01/2023 17:48,Blaine,MN,USA,Circle,Odd light in sky caught on Ring video camera.,01/08/2023,03/06/2023,
https://nuforc.org/sighting/?id=173676,01/01/2023 16:56,Duck,NC,USA,Unknown,Multiple streaks changing direction with at times showing a dark craft.,01/01/2023,03/06/2023,
https://nuforc.org/sighting/?id=173705,01/01/2023 16:45,Clovis,NM,USA,Cigar,Cigar shape bobbed in & out of clouds in place.,01/02/2023,03/06/2023,
https://nuforc.org/sighting/?id=173977,01/01/2023 12:00,Roanoke,VA,USA,Unknown,Red bell moving in jerky almost as u would move a laser pointer.,01/18/2023,03/06/2023,
https://nuforc.org/sighting/?id=173673,01/01/2023 10:56,Los Angeles,CA,USA,Circle,Saw a fast moving disc when coming into land at LAX airport,01/01/2023,03/06/2023,
https://nuforc.org/sighting/?id=173674,01/01/2023 09:48,Marfa,TX,USA,Other,Random white structure in the sky- not moving at all,01/01/2023,03/06/2023,Y
https://nuforc.org/sighting/?id=173906,01/01/2023 07:01,North Myrtle Beach,SC,USA,Cylinder,Seen just before sunrise on New Year's Day,01/14/2023,03/06/2023,Y
https://nuforc.org/sighting/?id=173680,01/01/2023 05:05,Pendleton,OR,USA,Light,Orange light hovering and maybe very slowly floating to the North.,01/01/2023,03/06/2023,Y
https://nuforc.org/sighting/?id=173707,01/01/2023 02:06,Plano,TX,USA,Light,My friend and I were sitting in her car saw this bright orange glowing thing very quick and steady fly over us.,01/03/2023,03/06/2023,
https://nuforc.org/sighting/?id=174475,01/01/2023 01:30,Port Charlotte,FL,USA,Triangle,I have never seen anything like this before and no noise,02/12/2023,03/06/2023,Y
https://nuforc.org/sighting/?id=173660,01/01/2023 00:45,North Chesterfield,VA,USA,Formation,Two lights moving together in formation at fast speed,12/31/2022,03/06/2023,
https://nuforc.org/sighting/?id=173668,01/01/2023 00:30,Hyattsville,MD,USA,Triangle,Triangle formation,01/01/2023,03/06/2023,
https://nuforc.org/sighting/?id=173675,01/01/2023 00:30,Waialua,HI,USA,Formation,Numerous greenish twinkling stars in a swarm slowing drifting over ocean.,01/01/2023,03/06/2023,
https://nuforc.org/sighting/?id=173688,01/01/2023 00:30,Houston,TX,USA,Rectangle,Four objects flying over neighborhood,01/01/2023,03/06/2023,Y
https://nuforc.org/sighting/?id=173671,01/01/2023 00:03,Roma,TX,USA,Fireball,"A series of fireballs in different sequence, that lasted over a series of minutes",01/01/2023,03/06/2023,Y
https://nuforc.org/sighting/?id=173717,01/01/2023 00:03,Warm Springs,OR,USA,Disk,Security Camera Footage,01/03/2023,03/06/2023,
